domain,visits,total_fg_seconds,unique_days
chatgpt.com,5998,2270205.43,84
github.com,8261,1018890.52,83
mail.google.com,16662,521755.12,82
calendar.google.com,7183,462938.91,84
meet.google.com,2720,431986.53,66
www.primevideo.com,469,383219.23,58
localhost:8000,4912,294041.73,48
www.youtube.com,1245,191928.48,60
www.google.com,5220,185530.78,84
web.whatsapp.com,185,126505.12,68
tasks.google.com,107,124394.91,43
sanand0.github.io,3629,116704.41,69
www.linkedin.com,1754,108365.72,71
blog.puzzmo.com,6,107501.73,2
teams.microsoft.com,655,105805.11,36
docs.google.com,734,100904.79,45
krishna-gramener.github.io,48,97421.11,14
aistudio.google.com,846,96615.83,55
www.seangoedecke.com,5,69231.83,4
en.wikipedia.org,549,60218.1,57
tools.s-anand.net,803,57875.72,61
cookbook.openai.com,39,57153.18,15
notebooklm.google.com,34,52164.16,5
news.ycombinator.com,146,51227.94,46
tds.s-anand.net,600,48990.59,30
prudhvi1709.github.io,183,47362.67,31
www.hotstar.com,194,46270.05,8
llmfoundry.straive.com,644,45261.04,54
drive.google.com,727,40961.38,40
www.recurse.com,12,37962.32,4
www.anthropic.com,74,37320.43,26
platform.openai.com,613,33193.94,46
claude.ai,287,31976.51,39
localhost:8001,724,28386.68,24
discourse.onlinedegree.iitm.ac.in,1017,26904.7,29
yadav-aayansh.github.io,28,26852.34,11
nitin399-maker.github.io,127,26440.82,27
exam.sanand.workers.dev,172,25581.11,25
docs.anthropic.com,127,25416.13,17
localhost:8787,230,25113.8,20
cfp.in.pycon.org,88,23528.88,9
hrmiitm.github.io,20,23115.72,2
www.s-anand.net,162,22140.0,29
www.google.com.sg,4661,21813.59,36
learn.gramener.com,171,20015.8,19
stephango.com,52,19374.06,2
dash.cloudflare.com,438,18881.16,17
app.slack.com,38,17158.11,3
dotslash-cli.com,33,16462.62,8
www.hntoplinks.com,88,16370.93,29
simonwillison.net,61,16171.3,28
www.npmjs.com,284,14932.89,42
llmfoundry.straivedemo.com,129,14767.22,12
jules.google.com,219,14767.13,11
gemini.google.com,366,14696.22,38
localhost:8002,1044,14147.77,13
in.pycon.org,64,13898.92,13
medium.com,14,13706.8,8
openai.com,65,13364.77,24
accounts.google.com,1919,12840.24,70
github1s.com,21,12764.31,6
developer.mozilla.org,70,12401.07,18
squoosh.app,279,12328.36,41
til.s-anand.net,52,11513.45,13
x.com,86,11217.04,28
fossunited.org,18,10813.28,4
www.analyticsvidhya.com,35,10629.98,6
playwright.dev,40,10445.54,3
coppermind.net,35,9872.56,4
duckdb.org,65,9672.53,6
codepen.io,57,9606.0,5
gramener.com,283,9539.2,12
openrouter.ai,256,9468.64,26
mermaid.js.org,25,9030.9,2
console.firebase.google.com,108,7781.72,1
contractanalysis.straivedemo.com,49,7530.48,9
localhost:8003,116,7513.51,6
onepunchmanmangaa.com,12,7193.85,4
ai.google.dev,379,7171.05,12
data-driven-world.github.io,37,6235.44,3
www.netflix.com,142,5897.18,22
studio.youtube.com,34,5084.29,6
console.cloud.google.com,223,5002.31,9
codeberg.org,22,4903.64,1
minusx.ai,6,4794.0,2
www.makemytrip.com,43,4680.2,5
observablehq.com,37,4643.92,6
www.amazon.in,361,4613.73,8
llmdemos.s-anand.net,55,4420.06,14
newsletter.iimbaa.com,7,4011.74,1
fireducks-dev.github.io,5,3980.55,3
uat.gramener.com,35,3903.94,3
code.straive.com,112,3890.15,10
support.google.com,11,3772.86,5
stackoverflow.com,59,3712.02,25
www.google.co.in,779,3668.73,14
printo.in,81,3646.88,4
colab.research.google.com,20,3470.31,3
jaidevd.com,8,3374.89,2
mise.jdx.dev,25,3357.97,4
api.openverse.org,20,3271.61,2
console.anthropic.com,193,3179.56,8
www.promptfoo.dev,90,3176.0,13
www.jsdelivr.com,13,3096.13,4
developers.google.com,61,3075.89,7
shopee.sg,366,3009.76,2
chat.deepseek.com,36,2954.25,13
vidmix.app,7,2809.6,2
www.flightaware.com,36,2656.06,10
www.microsoft.com,16,2599.63,5
www.agoda.com,899,2516.56,4
localhost:8004,241,2397.1,4
pypi.org,113,2380.86,18
promptfoo-60s.pages.dev,8,2327.0,3
zoom.us,9,2255.59,6
infinitynxt.icicibank.com,54,2041.76,16
llm.datasette.io,21,2012.54,6
feedly.com,211,1986.13,6
developers.cloudflare.com,125,1985.67,13
localhost:8501,16,1981.18,1
trends.google.com,25,1980.13,1
code.visualstudio.com,23,1950.46,7
infinity.icicibank.com,113,1924.14,15
marketplace.visualstudio.com,23,1905.13,9
aipipe.org,87,1899.17,25
getbootstrap.com,80,1867.52,10
localhost:9988,70,1860.01,2
promptevals.straivedemo.com,17,1848.51,5
www.reddit.com,56,1826.54,19
now.hdfcbank.com,175,1791.68,4
developers.googleblog.com,14,1778.89,10
foambubble.github.io,68,1754.99,4
us2.concursolutions.com,209,1731.51,9
wbd.zoom.us,64,1693.93,12
vitest.dev,69,1670.84,5
lmarena.ai,82,1651.6,10
vietnam-immi.org,11,1623.08,2
pycon.sg,8,1623.05,2
openai.github.io,54,1582.16,6
chat.qwen.ai,18,1579.31,5
developers.openai.com,25,1545.62,11
portal6.passportindia.gov.in,12,1539.87,2
meeting.zoho.com,9,1528.45,1
eclaim.ihp.com.sg,27,1496.49,3
hasgeek.com,55,1436.78,12
mutualfund.adityabirlacapital.com,30,1368.84,3
scispace.com,9,1362.45,2
www.icicipruamc.com,51,1325.1,1
straive.darwinbox.com,36,1322.75,3
localhost:8005,6,1276.7,1
usesthis.com,50,1264.27,1
console.weaviate.cloud,63,1225.65,4
community.openai.com,80,1190.36,12
console.twilio.com,8,1182.54,1
marpit.marp.app,40,1169.19,10
one.dash.cloudflare.com,216,1099.13,3
admin.sli.do,9,1090.61,2
www.perplexity.ai,30,1005.93,8
iitm-bs-chatbot.sanand.workers.dev,38,1001.97,6
help.obsidian.md,110,967.11,2
icons.getbootstrap.com,74,959.31,8
theresanaiforthat.com,18,949.28,1
www.imdb.com,55,900.99,4
eportal.incometax.gov.in,168,882.33,2
cloud.google.com,81,875.16,10
promptdebloat.datawizz.ai,8,864.32,3
pages.awscloud.com,14,837.17,3
www.ilovepdf.com,14,835.62,1
scholar.google.com,91,803.71,3
localhost:15500,18,789.52,1
n594.network-auth.com,9,765.32,6
docs.github.com,46,765.16,11
www.straive.com,6,757.66,2
oneservice.adityabirlacapital.com,38,730.02,2
bnc.chennaimetrowater.in,25,727.08,2
pixlr.com,9,708.76,5
internet.ocbc.com,61,654.04,3
docs.dagger.io,9,653.51,1
stefaniemolin.com,121,653.38,2
huggingface.co,40,647.29,8
www.zee5.com,38,640.1,3
www.figma.com,24,635.21,1
www.kaggle.com,22,633.69,2
smallpdf.com,18,623.62,3
datachat.straivedemo.com,20,602.61,7
flameshot.org,14,598.56,2
chennaicorporation.gov.in,14,596.54,2
www.fusejs.io,106,574.11,1
ampcode.com,6,546.42,2
preview.docsifyjs.org,84,545.62,1
talk.commonmark.org,22,545.59,1
my.lazada.sg,15,539.96,4
deepwiki.com,23,532.96,1
www.inkandswitch.com,7,518.82,3
quarto.org,22,516.45,1
www.joshwcomeau.com,7,510.15,3
auth.openai.com,149,505.32,10
aiap.sg,10,504.25,1
www.tnebnet.org,70,497.19,2
blog.cloudflare.com,15,496.47,8
padlet.com,8,488.0,1
www.bgmringtones.com,12,477.69,1
www.lesswrong.com,6,476.6,2
pol.is,31,474.73,1
www.icicibank.com,25,466.57,16
webssh.straivedemo.com,6,459.88,1
dspy.ai,20,458.32,1
straive.zoom.us,23,453.16,4
support.github.com,50,451.56,4
lwn.net,5,450.19,3
solutions.straivedemo.com,15,446.94,3
marked.js.org,36,438.81,2
help.openai.com,31,433.37,15
www.catherinejue.com,5,428.24,2
reconcileai.straivedemo.com,8,413.09,1
learningmate.zoom.us,5,411.42,2
rclone.org,8,407.14,1
rishabhmakes.github.io,8,405.01,3
www.blsinternational.com,6,400.76,3
erp.chennaicorporation.gov.in,20,398.72,2
opensourcemaintenancefee.org,6,385.94,2
www.assetplus.in,47,384.65,3
docsify.js.org,38,379.8,2
gitingest.com,16,370.31,5
myaccount.google.com,40,361.04,2
gitbrent.github.io,52,357.68,1
microsoftedge.microsoft.com,8,352.61,1
login.microsoftonline.com,59,345.82,12
biomejs.dev,7,342.11,3
ast-grep.github.io,26,340.67,1
view.officeapps.live.com,6,338.42,4
videohighlights.straivedemo.com,16,336.88,2
www.airwallex.com,9,328.88,1
analyticsindiamag.com,5,327.91,2
cdn.jsdelivr.net,266,327.89,10
new.express.adobe.com,7,325.86,1
metadata-ai.straivedemo.com,7,322.53,3
cursor.com,40,316.09,6
rs.straive.com,14,310.41,1
takeout.google.com,13,306.33,2
xahlee.info,9,302.74,2
gccservices.chennaicorporation.gov.in,5,297.85,1
aider.chat,16,296.76,1
learn.deeplearning.ai,15,294.87,5
understandlegacycode.com,5,293.51,1
techcommunity.microsoft.com,8,289.32,3
oneforms.americanexpress.com,20,287.04,1
www.ted.com,6,286.01,1
nodejs.org,12,281.43,3
www.cleartrip.com,5,279.67,2
www.meetup.com,28,279.13,7
firebase.google.com,24,275.03,2
docs.z.ai,8,273.31,3
markmap.js.org,6,272.85,1
eservices.ica.gov.sg,48,267.86,4
www.gv.com.sg,5,262.88,1
docs.claude.com,8,261.46,3
www.theverge.com,8,260.4,4
www.irctc.co.in,8,260.3,2
www.lazada.sg,20,250.68,3
arxiv.org,77,238.44,12
ffmpeg.org,6,236.96,3
notebooks.cloudflare.com,18,236.11,1
wiki.archiveteam.org,6,233.84,1
ai.pydantic.dev,11,228.58,1
writewithharper.com,8,225.37,1
forum.rclone.org,25,224.34,2
prettier.io,17,216.05,5
blsinternational.org,5,208.05,1
economictimes.indiatimes.com,5,206.76,2
deepeval.com,14,206.33,1
artificialanalysis.ai,7,205.71,1
www.r2d3.us,5,203.14,2
s-anand.net,68,201.34,19
photos.google.com,57,194.49,1
checkout.lazada.sg,6,194.38,2
aws.amazon.com,8,190.75,1
apple.github.io,25,190.67,2
float.exposed,35,184.98,1
trendstimecapsule.ue.r.appspot.com,5,184.37,1
microsoft.github.io,6,180.28,5
docs.turso.tech,9,180.22,1
www.dropbox.com,15,178.71,4
www.anaconda.com,5,178.14,1
passwordreset.straive.com,22,172.35,1
global.americanexpress.com,9,170.71,2
rkyc.assetplus.in,10,170.66,1
audiobookbay.lu,9,167.81,1
manus.im,9,166.86,1
forgejo.org,22,162.64,1
portal.danmagi.com,60,155.99,3
hn.algolia.com,18,154.42,2
pimco.zoom.us,8,153.19,1
images.google.com,35,152.42,17
groups.google.com,17,147.55,2
fastapi.tiangolo.com,32,146.05,4
www.goodreads.com,8,145.31,2
www.mermaidchart.com,9,142.87,3
bsky.app,37,138.83,18
agentsmd.net,41,138.58,2
translate.google.com,55,137.29,4
localhost:9000,8,135.13,1
20250817t150207-dot-study-iitm-ac-in.el.r.appspot.com,12,132.2,2
docs.cursor.com,8,131.86,3
fairlearn.org,12,129.61,1
mermaid.live,16,127.56,2
grok.com,10,125.38,1
demian.ferrei.ro,939,124.91,1
cbfc.watch,6,123.11,1
rustdesk.com,13,121.06,1
dprint.dev,36,120.33,4
console.groq.com,8,117.43,2
xkcd.com,5,116.9,2
context7.com,62,116.86,4
offlinefirst.org,8,116.52,1
marp.app,11,112.66,4
en.m.wikipedia.org,63,112.54,13
slidesgo.com,6,112.01,2
thejeshgn.com,14,111.95,5
docs.renovatebot.com,5,110.14,1
ai-sdk.dev,11,108.76,2
youtubetotranscript.com,17,104.19,2
gojs.net,8,103.92,2
www.oyorooms.com,6,103.0,1
auth.wcs.api.weaviate.io,14,102.6,4
www.hdfcbank.com,12,99.64,4
eventyay.com,7,99.59,1
doms.iitm.ac.in,6,99.39,2
www.amazon.com,13,98.87,7
protohackers.com,6,97.12,1
app.sli.do,28,95.24,3
share.streamlit.io,25,95.17,4
aiproxy.sanand.workers.dev,5,94.56,1
ysig.github.io,16,94.53,1
education.github.com,8,93.61,2
app.onecal.io,7,92.55,1
www.sistic.com.sg,10,92.29,2
ifp.org,12,91.06,1
legedith.github.io,7,90.86,3
swe-agent.com,7,90.8,1
www.slido.com,6,89.87,4
picsum.photos,6,89.37,1
gravatar.com,10,89.27,1
helpcenter.lazada.sg,10,86.7,1
www.jointjs.com,12,84.02,2
imageexplore.straivedemo.com,5,83.33,1
www.ocbc.com,20,83.06,3
onepay.vn,5,81.59,1
login.live.com,45,80.79,9
invoice.stripe.com,9,80.79,3
code.gramener.com,11,80.19,1
iconify.design,9,80.0,2
www.deeplearning.ai,14,79.39,4
cs6101.slack.com,34,78.7,1
ffmpegwasm.netlify.app,11,77.52,1
netportal.hdfcbank.com,12,77.4,4
www.americanexpress.com,11,77.25,2
learn.microsoft.com,5,76.41,3
slidesense.ai,17,75.23,2
placehold.co,14,75.16,2
mozilla-ai.github.io,14,75.13,1
fal.ai,12,73.95,1
dealnews.straivedemo.com,10,73.77,2
academy.openai.com,8,71.38,1
www.canva.com,5,71.2,1
www.zedge.net,10,69.63,1
handbook.gitlab.com,11,69.16,3
gibtax.icicibank.com,5,68.39,1
www.trulens.org,17,66.61,1
serrano.academy,6,65.76,1
stock.adobe.com,5,65.01,1
gist.github.com,17,64.14,5
reactnative.dev,12,63.82,1
support.microsoft.com,15,63.08,6
www.sec.gov,9,62.34,3
www.privacyguides.org,5,61.06,1
esm.sh,7,60.72,1
docs.mind-elixir.com,6,60.72,1
www.dhamma.org,7,60.58,2
netbanking.hdfcbank.com,12,59.75,4
ads.google.com,12,58.4,1
bundlephobia.com,22,58.37,1
billing.stripe.com,5,58.23,2
localhost:1455,8,56.88,2
login.twilio.com,5,56.4,1
127.0.0.1:53682,6,56.26,1
neil.fraser.name,6,55.5,2
api-bridge.authbridge.app,6,54.45,1
cogentiq.fractal.ai,6,54.32,1
icon-sets.iconify.design,23,54.09,1
www.sunnxt.com,10,53.82,2
app.hellosign.com,7,53.76,1
172.27.23.12,11,52.74,1
hub.docker.com,8,52.03,1
www.paypal.com,10,51.83,2
accounts.hetzner.com,14,50.64,1
tools-anand.firebaseapp.com,46,49.89,2
v1.awingconnect.vn,25,48.97,2
theswissbay.ch,36,48.88,1
wing-nus.github.io,14,48.47,4
mirascope.com,12,47.98,1
docs.sdv.dev,8,47.85,1
css-tricks.com,6,47.78,3
www.cse.iitm.ac.in,6,47.26,1
www.nlb.gov.sg,8,47.06,1
www.skeptrune.com,5,46.66,1
wifi.vivocity.com.sg,15,46.51,1
safe-unsubscribe.cisco.com,19,46.39,4
www.robotevents.com,7,46.26,1
authkit.streamlit.io,8,46.16,1
shex.io,6,44.9,1
euangoddard.github.io,10,44.09,1
dagger.io,5,43.92,1
dl.acm.org,15,42.99,2
www.pexels.com,12,42.71,2
lutia.ai,6,41.48,1
login.salesforce.com,7,40.54,1
mantisdev.csail.mit.edu,22,39.95,1
data.worldbank.org,6,38.67,1
archive.org,43,37.97,2
docs.evidentlyai.com,8,37.86,1
blog.izs.me,12,37.17,2
gramener.github.io,8,35.47,3
sutdapac-my.sharepoint.com,6,35.26,2
www.newindianexpress.com,6,34.74,1
hailuo-ai.firebaseapp.com,8,33.75,1
www.stochasticlifestyle.com,5,33.69,2
boxicons.com,13,33.68,3
httpbin.org,12,33.55,1
goldsungroup.com.vn,8,33.29,1
portal.venturapranas.com,7,33.24,1
calendly.com,32,33.15,2
mcpservers.org,6,32.52,1
textgrad.readthedocs.io,6,32.51,1
www.mediawiki.org,5,32.17,2
rawgit.com,8,31.88,1
job-boards.greenhouse.io,5,31.46,1
docs.ankiweb.net,7,30.22,1
pubmed.ncbi.nlm.nih.gov,5,29.69,2
www.omdbapi.com,7,27.97,1
donate.wikimedia.org,12,27.93,2
devpost.com,6,27.93,1
www.adobe.com,5,27.74,1
us06web.zoom.us,6,27.41,1
promptevals.straive.app,7,26.97,6
docs.expo.dev,10,26.57,1
nvd.nist.gov,8,26.39,1
www.ica.gov.sg,8,24.29,4
efitz-thoughts.blogspot.com,5,22.5,1
partners.salesforce.com,6,21.03,1
vercel.com,5,20.83,2
www.theleela.com,8,19.78,1
localhost:5173,14,19.69,1
www.urldecoder.org,6,18.77,1
scholar.google.co.uk,5,18.73,1
itsourcecode.com,6,18.2,1
devanshikat.github.io,5,17.7,2
nchandrasekharr.github.io,5,17.09,2
docs.jointjs.com,6,16.95,1
coffee-reviews.prayashm.com,6,16.9,2
unpkg.com,13,16.61,3
web-cp01.wifi.changiairport.com:8081,6,16.33,2
dokumen.pub,8,15.72,1
connectivity-check.ubuntu.com.,40,15.62,16
code.ffmpeg.org,6,15.27,1
opencode.ai,8,15.24,2
www-us.api.concursolutions.com,14,15.18,10
umap-learn.readthedocs.io,6,14.7,1
drive.usercontent.google.com,7,13.73,3
www.llama.com,10,12.62,1
member-m.lazada.sg,7,12.35,1
www.nestle.com,10,11.8,1
pygsp.readthedocs.io,6,11.8,1
adverseevents.straivedemo.com,5,11.51,1
www.almashines.com,8,11.49,1
gmail-miscellany.blogspot.com,5,11.2,1
online.icicibank.co.in,6,9.86,1
bit.ly,6,9.38,3
www.fca.org.uk,6,9.3,2
alistapart.com,6,8.83,1
ieeexplore.ieee.org,12,8.61,1
agents.md,8,8.32,3
straiveapps.cloudflareaccess.com,23,7.73,15
app.fireflies.ai,6,6.5,1
go.bsky.app,10,5.84,7
sindresorhus.com,10,5.63,1
auth.slido.com,37,5.26,4
lnkd.in,25,4.82,11
accounts.google.com.sg,36,4.56,21
localhost:8085,8,4.41,1
d11rcl04.na1.hubspotlinks.com,12,4.25,3
ftittp.mha.gov.in,39,4.04,9
progress.openai.com,5,4.01,2
example.com,6,3.98,2
api.openrouter.com,6,3.84,2
29246906-35255-34987.2526june2024.com,6,3.78,1
www.debanshubhaumik.com,7,3.52,2
example.org,6,3.49,1
wayfarerorthodox.com,6,1.93,1
www.concursolutions.com,30,1.86,11
thinkingmachines.ai,6,1.65,3
t.co,62,0.47,25
zlpipialqvivotmfurmzpw.c0.asia-southeast1.gcp.weaviate.cloud,5,0.0,2
youtu.be,93,0.0,21
xkcd.pagefind.app,5,0.0,1
www.ocbc.com.sg,6,0.0,3
www.masstamilan.dev,8,0.0,1
www.googleadservices.com,13,0.0,8
www.cursor.com,5,0.0,2
upload.wikimedia.org,6,0.0,3
twitter.com,5,0.0,4
tinker-docs.thinkingmachines.ai,5,0.0,1
slido.com,9,0.0,4
slides.google.com,7,0.0,4
sheets.google.com,5,0.0,5
sg.linkedin.com,5,0.0,4
secure-web.cisco.com,26,0.0,4
raw.githubusercontent.com,69,0.0,19
queue.ocbc.com,5,0.0,3
promptfoo.dev,8,0.0,3
perplexity.ai,10,0.0,3
payments.singtel.com,6,0.0,3
pagefind.app,15,0.0,1
nvlpubs.nist.gov,5,0.0,2
npmjs.com,126,0.0,28
notes.s-anand.net,31,0.0,7
n70.network-auth.com,5,0.0,1
mikecaulfield.substack.com,12,0.0,2
media.licdn.com,11,0.0,4
maps.google.com.sg,130,0.0,35
maps.google.co.in,55,0.0,13
m.youtube.com,31,0.0,9
m.facebook.com,17,0.0,1
listenbrainz.org,5,0.0,1
lh3.googleusercontent.com,5,0.0,2
lalithaar.github.io,6,0.0,1
knip.dev,11,0.0,4
kellyjonbrazil.github.io,6,0.0,3
in.linkedin.com,54,0.0,29
img.shields.io,10,0.0,1
id.analyticsvidhya.com,7,0.0,1
has.gy,16,0.0,6
google.com,43,0.0,23
forms.gle,8,0.0,6
flightaware.com,26,0.0,8
files.oaiusercontent.com,8,0.0,1
file:///home/sanand/code/marpapi/test.html,10,0.0,1
file:///home/sanand/code/datastories/vipassana/image.jpeg,6,0.0,1
file:///home/sanand/code/artstyle/images/gpt-image-1.scumbling.webp,5,0.0,1
file:///home/sanand/Downloads/test.html,21,0.0,1
file:///home/sanand/Downloads/Acct_Statement_XXXXXXXX7024_10082025.pdf,6,0.0,2
file:///home/sanand/Downloads/430000.pdf,6,0.0,4
events.openai.com,10,0.0,1
eservices.mha.gov.sg,10,0.0,2
dirty-equals.helpmanual.io,10,0.0,2
ddev.readthedocs.io,5,0.0,1
datafusion.apache.org,6,0.0,1
courses.analyticsvidhya.com,11,0.0,1
contacts.google.com,7,0.0,1
commons.wikimedia.org,30,0.0,1
clicks.meetup.com,8,0.0,3
click.fourhourmail.com,5,0.0,4
chat.google.com,153,0.0,56
cdn.openai.com,29,0.0,11
cdn.bsky.app,7,0.0,5
case.massgen.ai,6,0.0,1
api.github.com,5,0.0,1
aka.ms,11,0.0,8
ai.dev,108,0.0,25
accounts.youtube.com,33,0.0,21
accounts.google.co.in,34,0.0,21
